E001,C001,P001,VIEW,1,2026-10-05T10:00:01
E002,C001,P001,CART,1,2026-10-05T10:00:05
E003,C001,P001,PURCHASE,1,2026-10-05T10:00:10
E004,C002,P002,VIEW,1,2026-10-05T10:00:15
E005,C002,P002,CART,1,2026-10-05T10:00:20
E006,C003,P003,PURCHASE,2,2026-10-05T10:00:25
E007,C004,P004,VIEW,1,2026-10-05T10:00:30
E008,C004,P004,PURCHASE,2,2026-10-05T10:00:35
E009,C005,P006,CART,1,2026-10-05T10:00:40
E010,C005,P006,PURCHASE,1,2026-10-05T10:00:45
E011,C006,P007,VIEW,1,2026-10-05T10:00:50
E012,C006,P007,CART,1,2026-10-05T10:00:55
E013,C001,P003,PURCHASE,3,2026-10-05T10:01:00
E014,C003,P002,PURCHASE,1,2026-10-05T10:01:05
E015,C005,P008,PURCHASE,2,2026-10-05T10:01:10
