sale_id,customer_id,product,category,quantity,unit_price,sale_date,city
S001,C001,Laptop,Electronics,1,75000,2026-09-01,Delhi
S002,C002,Mouse,Electronics,2,1500,2026-09-01,Mumbai
S003,C003,Keyboard,Electronics,1,2500,2026-09-01,Hyderabad
S004,C004,Monitor,Electronics,1,25000,2026-09-01,Bangalore
S005,C005,Chair,Furniture,2,7000,2026-09-01,Chennai
S006,C006,Desk,Furniture,1,20000,2026-09-01,Pune
S007,C007,Laptop,Electronics,1,80000,2026-09-02,Kolkata
S008,C008,Mouse,Electronics,3,1500,2026-09-02,Jaipur
S009,C001,Monitor,Electronics,2,25000,2026-09-02,Delhi
S010,C002,Chair,Furniture,1,7000,2026-09-02,Mumbai
S011,C003,Desk,Furniture,1,22000,2026-09-03,Hyderabad
S012,C004,Laptop,Electronics,1,76000,2026-09-03,Bangalore
S013,C005,Keyboard,Electronics,2,2500,2026-09-03,Chennai
S014,C006,Monitor,Electronics,1,24000,2026-09-03,Pune
S015,C007,Chair,Furniture,4,6500,2026-09-04,Kolkata
S016,C008,Desk,Furniture,2,21000,2026-09-04,Jaipur
S017,C001,Laptop,Electronics,1,77000,2026-09-04,Delhi
S018,C002,Mouse,Electronics,5,1400,2026-09-05,Mumbai
S019,C003,Monitor,Electronics,1,25500,2026-09-05,Hyderabad
S020,C004,Chair,Furniture,2,6800,2026-09-05,Bangalore
S021,C005,Desk,Furniture,1,21500,2026-09-06,Chennai
S022,C006,Laptop,Electronics,1,79000,2026-09-06,Pune
S023,C007,Keyboard,Electronics,3,2400,2026-09-06,Kolkata
S024,C008,Monitor,Electronics,1,26000,2026-09-07,Jaipur
S025,C001,Chair,Furniture,2,6900,2026-09-07,Delhi
S026,C002,Desk,Furniture,1,20500,2026-09-07,Mumbai
S027,C003,Laptop,Electronics,1,78000,2026-09-08,Hyderabad
S028,C004,Mouse,Electronics,4,1450,2026-09-08,Bangalore
S029,C005,Monitor,Electronics,1,24500,2026-09-08,Chennai
S030,C006,Chair,Furniture,3,6700,2026-09-09,Pune
S031,C007,Desk,Furniture,1,23000,2026-09-09,Kolkata
S032,C008,Laptop,Electronics,1,81000,2026-09-09,Jaipur
S033,C001,Keyboard,Electronics,2,2600,2026-09-10,Delhi
S034,C002,Monitor,Electronics,1,25000,2026-09-10,Mumbai
S035,C003,Chair,Furniture,2,7000,2026-09-10,Hyderabad
S036,C004,Desk,Furniture,1,22000,2026-09-11,Bangalore
S037,C005,Laptop,Electronics,1,77500,2026-09-11,Chennai
S038,C006,Mouse,Electronics,3,1500,2026-09-11,Pune
S039,C007,Monitor,Electronics,2,25500,2026-09-12,Kolkata
S040,C008,Chair,Furniture,1,6800,2026-09-12,Jaipur
