sale_id,customer_id,product,category,quantity,unit_price,sale_date,city,total_amount
S001,C001,Laptop,Electronics,1,75000,2026-09-01,Delhi,75000
S002,C002,Mouse,Electronics,2,1500,2026-09-01,Mumbai,3000
S003,C003,Keyboard,Electronics,1,2500,2026-09-01,Hyderabad,2500
S004,C004,Monitor,Electronics,1,25000,2026-09-01,Bangalore,25000
S005,C005,Chair,Furniture,2,7000,2026-09-01,Chennai,14000
S006,C006,Desk,Furniture,1,20000,2026-09-01,Pune,20000
S007,C007,Laptop,Electronics,1,80000,2026-09-02,Kolkata,80000
S008,C008,Mouse,Electronics,3,1500,2026-09-02,Jaipur,4500
S009,C001,Monitor,Electronics,2,25000,2026-09-02,Delhi,50000
S010,C002,Chair,Furniture,1,7000,2026-09-02,Mumbai,7000
S011,C003,Desk,Furniture,1,22000,2026-09-03,Hyderabad,22000
S012,C004,Laptop,Electronics,1,76000,2026-09-03,Bangalore,76000
S013,C005,Keyboard,Electronics,2,2500,2026-09-03,Chennai,5000
S014,C006,Monitor,Electronics,1,24000,2026-09-03,Pune,24000
S015,C007,Chair,Furniture,4,6500,2026-09-04,Kolkata,26000
S016,C008,Desk,Furniture,2,21000,2026-09-04,Jaipur,42000
S017,C001,Laptop,Electronics,1,77000,2026-09-04,Delhi,77000
S018,C002,Mouse,Electronics,5,1400,2026-09-05,Mumbai,7000
S019,C003,Monitor,Electronics,1,25500,2026-09-05,Hyderabad,25500
S020,C004,Chair,Furniture,2,6800,2026-09-05,Bangalore,13600
S021,C005,Desk,Furniture,1,21500,2026-09-06,Chennai,21500
S022,C006,Laptop,Electronics,1,79000,2026-09-06,Pune,79000
S023,C007,Keyboard,Electronics,3,2400,2026-09-06,Kolkata,7200
S024,C008,Monitor,Electronics,1,26000,2026-09-07,Jaipur,26000
S025,C001,Chair,Furniture,2,6900,2026-09-07,Delhi,13800
S026,C002,Desk,Furniture,1,20500,2026-09-07,Mumbai,20500
S027,C003,Laptop,Electronics,1,78000,2026-09-08,Hyderabad,78000
S028,C004,Mouse,Electronics,4,1450,2026-09-08,Bangalore,5800
S029,C005,Monitor,Electronics,1,24500,2026-09-08,Chennai,24500
S030,C006,Chair,Furniture,3,6700,2026-09-09,Pune,20100
S031,C007,Desk,Furniture,1,23000,2026-09-09,Kolkata,23000
S032,C008,Laptop,Electronics,1,81000,2026-09-09,Jaipur,81000
S033,C001,Keyboard,Electronics,2,2600,2026-09-10,Delhi,5200
S034,C002,Monitor,Electronics,1,25000,2026-09-10,Mumbai,25000
S035,C003,Chair,Furniture,2,7000,2026-09-10,Hyderabad,14000
S036,C004,Desk,Furniture,1,22000,2026-09-11,Bangalore,22000
S037,C005,Laptop,Electronics,1,77500,2026-09-11,Chennai,77500
S038,C006,Mouse,Electronics,3,1500,2026-09-11,Pune,4500
S039,C007,Monitor,Electronics,2,25500,2026-09-12,Kolkata,51000
S040,C008,Chair,Furniture,1,6800,2026-09-12,Jaipur,6800
