transaction_id,customer_id,product_id,quantity,transaction_date,status
T001,C001,P001,1,2026-09-01,COMPLETED
T002,C002,P002,2,2026-09-01,COMPLETED
T003,C003,P003,2,2026-09-01,COMPLETED
T004,C001,P004,1,2026-09-02,COMPLETED
T005,C004,P005,2,2026-09-02,COMPLETED
T006,C005,P001,1,2026-09-03,COMPLETED
T007,C006,P006,1,2026-09-03,COMPLETED
T008,C003,P002,3,2026-09-03,COMPLETED
T009,C007,P004,2,2026-09-04,COMPLETED
T010,C008,P007,2,2026-09-04,COMPLETED
T011,C001,P008,1,2026-09-05,COMPLETED
T012,C002,P005,1,2026-09-05,CANCELLED
T013,C003,P001,1,2026-09-06,COMPLETED
T014,C004,P006,2,2026-09-06,COMPLETED
T015,C005,P007,2,2026-09-07,COMPLETED
T016,C006,P003,1,2026-09-07,COMPLETED
T017,C007,P002,4,2026-09-08,COMPLETED
T018,C008,P004,1,2026-09-08,COMPLETED
T019,C001,P001,0,2026-09-09,COMPLETED
T020,C002,P002,-2,2026-09-09,COMPLETED
T021,C003,P003,2,2026-09-09,COMPLETED
T022,C004,P005,1,2026-09-10,COMPLETED
T023,C005,P006,1,2026-09-10,COMPLETED
T024,C006,P007,3,2026-09-10,COMPLETED
T025,C007,P008,2,2026-09-11,COMPLETED
T026,C008,P001,1,2026-09-11,COMPLETED
T027,C001,P003,2,2026-09-12,COMPLETED
T028,C002,P004,1,2026-09-12,COMPLETED
T029,C009,P001,1,2026-09-12,COMPLETED
T030,C003,P999,1,2026-09-12,COMPLETED
